{
  "test_size": 75,
  "pos": 48,
  "neg": 27,
  "lstm": {
    "acc": 0.6666666666666666,
    "prec": 0.8285714285714286,
    "rec": 0.6041666666666666,
    "f1": 0.6987951807228916,
    "auc": 0.6728395061728396
  },
  "gru": {
    "acc": 0.6933333333333334,
    "prec": 0.8205128205128205,
    "rec": 0.6666666666666666,
    "f1": 0.735632183908046,
    "auc": 0.6682098765432098
  },
  "transformer": {
    "acc": 0.68,
    "prec": 0.8157894736842105,
    "rec": 0.6458333333333334,
    "f1": 0.7209302325581395,
    "auc": 0.6844135802469137
  }
}